{
  "var": [
    "020002BJ9",
    "026874DS3",
    "081437AT2",
    "097023CJ2",
    "13645RAD6",
    "13645RBF0",
    "14448CBC7",
    "15135BAW1",
    "21871XAS8",
    "24422EWZ8",
    "24422EXP9",
    "314353AA1",
    "36166NAK9",
    "438516CM6",
    "443201AC2",
    "444859BR2",
    "444859BV3",
    "444859BY7",
    "444859CA8",
    "45687VAB2",
    "539830CD9",
    "540424AT5",
    "56501RAN6",
    "655844CR7",
    "655844CT3",
    "75513EAD3",
    "759351AP4",
    "760759BA7",
    "760759BC3",
    "907818FX1",
    "91324PEJ7"
  ],
  "gamma": [
    -171.843480141259,
    -209.916098093165,
    -208.476006609091,
    -102.658455587925,
    -108.872687135303,
    -59.317668233044,
    -248.173707501463,
    -181.705222582624,
    -217.516328228335,
    -150.364227654476,
    -238.537754989087,
    -64.315591692518,
    -232.71668457355,
    -231.561240438637,
    -133.172276708478,
    -111.860973316693,
    -215.624770871618,
    -216.444892837478,
    -210.050748767208,
    -98.56277968679,
    -234.562738134276,
    -195.144598835887,
    -194.556369478498,
    -190.182474291791,
    -26.345955030805,
    -188.770788790166,
    -192.768933140209,
    -193.225791754691,
    -234.355342136515,
    -85.550380002185,
    -152.218422802645
  ],
  "alpha": [
    3.9104274961886203,
    4.776798521546204,
    4.233645398427341,
    2.084745890803721,
    9.988283313561595,
    5.4419679664485345,
    5.039810057108105,
    4.134838854544152,
    4.949747468305833,
    3.053535180626875,
    4.8441270781551555,
    5.900491373983103,
    4.725915163127137,
    4.702450876639223,
    2.704408078681729,
    2.54548048868912,
    4.906703659531417,
    4.925366151020145,
    4.779862598796853,
    2.0015725812498033,
    4.763404063119672,
    4.440661958156689,
    4.427276357194003,
    17.447869474736134,
    2.4170512360643084,
    3.833479901682543,
    4.386601900419846,
    3.923950278142296,
    4.7591923500988065,
    7.848629950528691,
    3.4638445721922917
  ],
  "C": 2237.404382444853,
  "M": 500.0,
  "beta": [
    0.460848299982,
    0.562951104491,
    0.498939895061,
    0.245689659406,
    1.177130477239,
    0.641342075346,
    0.593947311212,
    0.487295432194,
    0.583333333333,
    0.359862572135,
    0.570885850982,
    0.695379577146,
    0.556954443193,
    0.554189150511,
    0.318717548589,
    0.299987752488,
    0.578260571821,
    0.580459967536,
    0.563312209458,
    0.235887590873,
    0.561372552427,
    0.523337030595,
    0.521759522393,
    2.056251137141,
    0.284852219916,
    0.451779939004,
    0.516965991692,
    0.462441975119,
    0.560876197288,
    0.924969910174,
    0.408217997662
  ],
  "epsilon": [
    205.579590690186,
    337.861841810534,
    233.03336595062,
    310.153535258368,
    490.408171768948,
    242.412768936651,
    393.282773577898,
    378.463515890637,
    472.067755444785,
    81.6096023347,
    281.942721027528,
    218.305897358047,
    261.482004897843,
    236.650806972058,
    141.545348588576,
    226.708183055525,
    485.653971192128,
    535.669575596408,
    338.723303282001,
    140.650233636667,
    277.462844628398,
    181.359952598074,
    229.005909621042,
    554.590425319261,
    156.488022524534,
    150.455920129658,
    209.560231751803,
    269.290318652141,
    327.569980527203,
    309.123485614604,
    152.828183264363
  ],
  "K_min": {
    "Capital Goods": 4.758736462913,
    "Insurance": 4.134392251914,
    "Transportation": 0.240014083139
  },
  "K_max": {
    "Capital Goods": 6.847872350911,
    "Insurance": 6.223528139912,
    "Transportation": 2.329149971137
  },
  "O_min": {
    "Capital Goods": 1780.68926045072,
    "Insurance": 1991.42972820855,
    "Transportation": -479.881210498972
  },
  "O_max": {
    "Capital Goods": 3869.825148448374,
    "Insurance": 4080.565616206205,
    "Transportation": 1609.254677498683
  },
  "P_min": 2.600974180557,
  "P_max": 10.435233760548
}